{
	"info": {
		"_postman_id": "2f834933-3459-44ad-aa15-3be664b136db",
		"name": "QA Task - Library",
		"schema": "https://schema.getpostman.com/json/collection/v2.1.0/collection.json",
		"_exporter_id": "20504751"
	},
	"item": [
		{
			"name": "Get user by ID",
			"request": {
				"method": "GET",
				"header": [],
				"url": {
					"raw": "{{url}}/users/details/1",
					"host": [
						"{{url}}"
					],
					"path": [
						"users",
						"details",
						"1"
					]
				},
				"description": "Get user by its ID"
			},
			"response": []
		},
		{
			"name": "Get all users",
			"request": {
				"method": "GET",
				"header": [],
				"url": {
					"raw": "{{url}}/users/",
					"host": [
						"{{url}}"
					],
					"path": [
						"users",
						""
					]
				}
			},
			"response": []
		},
		{
			"name": "Create user",
			"request": {
				"method": "POST",
				"header": [
					{
						"key": "Content-Type",
						"name": "Content-Type",
						"value": "application/json",
						"type": "text"
					}
				],
				"body": {
					"mode": "raw",
					"raw": "{\n\t\"Name\": \"Dimitar Panayotov\"\n}"
				},
				"url": {
					"raw": "{{url}}/users",
					"host": [
						"{{url}}"
					],
					"path": [
						"users"
					]
				}
			},
			"response": []
		},
		{
			"name": "Update user by its ID",
			"request": {
				"method": "PUT",
				"header": [
					{
						"key": "Content-Type",
						"name": "Content-Type",
						"value": "application/json",
						"type": "text"
					}
				],
				"body": {
					"mode": "raw",
					"raw": "{\n\t\"Name\": \"Gancho Ganchev Ganchev\"\n}"
				},
				"url": {
					"raw": "{{url}}/users/Edit/15",
					"host": [
						"{{url}}"
					],
					"path": [
						"users",
						"Edit",
						"15"
					]
				}
			},
			"response": []
		},
		{
			"name": "Delete user by its ID",
			"request": {
				"auth": {
					"type": "noauth"
				},
				"method": "DELETE",
				"header": [],
				"url": {
					"raw": "{{url}}/users/delete/7",
					"host": [
						"{{url}}"
					],
					"path": [
						"users",
						"delete",
						"7"
					]
				}
			},
			"response": []
		},
		{
			"name": "Add new book",
			"request": {
				"method": "POST",
				"header": [
					{
						"key": "Content-Type",
						"name": "Content-Type",
						"value": "application/json",
						"type": "text"
					}
				],
				"body": {
					"mode": "raw",
					"raw": "{\n\t\"name\": \"Harry Potter - The Goblet of Fire\",\n\t\"author\": \"J. K. Rowling\",\n\t\"genre\": \"Fantasy\",\n\t\"quontity\": 3\n}"
				},
				"url": {
					"raw": "{{url}}/books",
					"host": [
						"{{url}}"
					],
					"path": [
						"books"
					]
				}
			},
			"response": []
		},
		{
			"name": "Get all books",
			"request": {
				"method": "GET",
				"header": [],
				"url": {
					"raw": "{{url}}/books",
					"host": [
						"{{url}}"
					],
					"path": [
						"books"
					]
				}
			},
			"response": []
		},
		{
			"name": "Get book by ID",
			"request": {
				"method": "GET",
				"header": [],
				"url": {
					"raw": "{{url}}/Books/Edit/1244",
					"host": [
						"{{url}}"
					],
					"path": [
						"Books",
						"Edit",
						"1244"
					]
				}
			},
			"response": []
		},
		{
			"name": "Update book by its ID",
			"request": {
				"method": "PUT",
				"header": [
					{
						"key": "Content-Type",
						"name": "Content-Type",
						"value": "application/json",
						"type": "text"
					}
				],
				"body": {
					"mode": "raw",
					"raw": "{\n\t\"id\": 2,\n\t\"name\": \"Harry Potter - The Chamber of Secrets\",\n\t\"author\": \"J. K. Rowling\",\n\t\"genre\": \"Fantasy\",\n\t\"quontity\": 8\n}"
				},
				"url": {
					"raw": "{{url}}/Books/Edit/1244",
					"host": [
						"{{url}}"
					],
					"path": [
						"Books",
						"Edit",
						"1244"
					]
				}
			},
			"response": []
		},
		{
			"name": "Delete book by ID",
			"request": {
				"method": "DELETE",
				"header": [],
				"url": {
					"raw": "{{url}}/books/delete/1244",
					"host": [
						"{{url}}"
					],
					"path": [
						"books",
						"delete",
						"1244"
					]
				}
			},
			"response": []
		},
		{
			"name": "Take a book",
			"request": {
				"method": "POST",
				"header": [
					{
						"key": "Content-Type",
						"name": "Content-Type",
						"value": "application/json",
						"type": "text"
					}
				],
				"body": {
					"mode": "raw",
					"raw": "{\n\t\"userid\": 5,\n\t\"bookid\": 4\n}"
				},
				"url": {
					"raw": "{{url}}/getbook",
					"host": [
						"{{url}}"
					],
					"path": [
						"getbook"
					]
				}
			},
			"response": []
		},
		{
			"name": "Get all books that are taken",
			"request": {
				"method": "GET",
				"header": [],
				"url": {
					"raw": "{{url}}/getbook",
					"host": [
						"{{url}}"
					],
					"path": [
						"getbook"
					]
				}
			},
			"response": []
		},
		{
			"name": "Return a book by giving GetBook ID",
			"request": {
				"method": "DELETE",
				"header": [],
				"url": {
					"raw": "{{url}}/getbook/delete/598",
					"host": [
						"{{url}}"
					],
					"path": [
						"getbook",
						"delete",
						"598"
					]
				}
			},
			"response": []
		}
	]
}